alerts_per_day,total_alerts,threshold,precision,recall
50,5200,0.003386629635261813,0.043653846153846154,0.9537815126050421
100,10400,0.0010300219711201913,0.022115384615384617,0.9663865546218487
350,36400,9.574685043483501e-05,0.006456043956043956,0.9873949579831933
1000,104000,3.386618390238675e-06,0.0022884615384615383,1.0
