{
  "uncalibrated": {
    "brier": 0.0009569522569131361,
    "pr_auc": 0.8416628207407962
  },
  "platt": {
    "brier": 0.0005615796251112271,
    "pr_auc": 0.8416628207407962
  },
  "isotonic": {
    "brier": 0.0004548282048097489,
    "pr_auc": 0.8250920242688982
  }
}