k_frac,n_days,precision_mean,precision_std,recall_mean,recall_std,n_alerts_mean
0.005,105,0.24047619047619048,0.19984949858000453,0.785831608005521,0.374636467960128,7.504761904761905
0.01,105,0.12756135787648393,0.128119661654734,0.8068530020703933,0.37282931046938694,15.076190476190476
0.05,105,0.02843462679505493,0.045224862476612705,0.8245341614906831,0.37158675345758263,75.47619047619048
