{
  "best_val_pr_auc": 0.9654563923052921,
  "n_trials": 30,
  "params": {
    "learning_rate": 0.04120093878011314,
    "max_iter": 600,
    "max_leaf_nodes": 23,
    "min_samples_leaf": 45,
    "l2_regularization": 1.0744927165507234,
    "max_features": 0.6202487355945001
  }
}