{
  "permutation": {
    "pr_auc": 0.0017150637359476014,
    "roc_auc": 0.5660435715528407,
    "recall_at_1pct": 0.012605042016806723,
    "expected": "PR-AUC \u2248 baseline (~0.002 = test fraud rate) if no leakage",
    "elapsed_s": 22.1
  },
  "lag_sensitivity": [
    {
      "n_features": 46,
      "pr_auc": 0.804633968242561,
      "roc_auc": 0.9935885840976599,
      "recall_at_1pct": 0.8991596638655462,
      "precision_at_1pct": 0.13501577287066246,
      "lag_days": 7,
      "elapsed_s": 21.7
    },
    {
      "n_features": 46,
      "pr_auc": 0.801009830146213,
      "roc_auc": 0.9897831576322231,
      "recall_at_1pct": 0.907563025210084,
      "precision_at_1pct": 0.1362776025236593,
      "lag_days": 30,
      "elapsed_s": 23.4
    },
    {
      "n_features": 46,
      "pr_auc": 0.7428021214867364,
      "roc_auc": 0.9893818317539104,
      "recall_at_1pct": 0.8739495798319328,
      "precision_at_1pct": 0.13123028391167194,
      "lag_days": 60,
      "elapsed_s": 24.3
    },
    {
      "n_features": 46,
      "pr_auc": 0.6861000050776661,
      "roc_auc": 0.9859934506930506,
      "recall_at_1pct": 0.8529411764705882,
      "precision_at_1pct": 0.1280757097791798,
      "lag_days": 90,
      "elapsed_s": 24.4
    }
  ],
  "drop_fraud_rate": {
    "with_fraud_rate": {
      "n_features": 46,
      "pr_auc": 0.804633968242561,
      "roc_auc": 0.9935885840976599,
      "recall_at_1pct": 0.8991596638655462,
      "precision_at_1pct": 0.13501577287066246
    },
    "without_fraud_rate": {
      "n_features": 42,
      "pr_auc": 0.40019990656682974,
      "roc_auc": 0.9735318493534072,
      "recall_at_1pct": 0.7436974789915967,
      "precision_at_1pct": 0.11167192429022083
    },
    "pr_auc_delta": 0.4044340616757312,
    "recall_at_1pct_delta": 0.15546218487394958,
    "elapsed_s": 19.9
  },
  "new_vs_seen_receivers": {
    "seen_receivers": {
      "n_rows": 132928,
      "n_positives": 145,
      "fraud_rate": 0.0010908160808858931,
      "pr_auc": 0.8255679915557628,
      "roc_auc": 0.9937576658000725
    },
    "new_receivers": {
      "n_rows": 25546,
      "n_positives": 93,
      "fraud_rate": 0.003640491662099742,
      "pr_auc": 0.7805825559762034,
      "roc_auc": 0.9908969895599268
    }
  }
}