{
  "best_model": "hist_gbm__demographic_free",
  "HIGH": 0.998923649025754,
  "MEDIUM": 0.1849020428567538
}