{
  "best_model": "catboost__demographic_free",
  "HIGH": 0.9999981491980456,
  "MEDIUM": 0.037077447535010695
}