{
  "best_model": "final_model",
  "HIGH": 0.9999968355278889,
  "MEDIUM": 0.0448862090269164
}