{
  "best_model": "hist_gbm__demographic_free",
  "HIGH": 0.9868011050772546,
  "MEDIUM": 0.5153059128484844
}