{
  "best_model": "hist_gbm__demographic_free",
  "HIGH": 0.9962578670662637,
  "MEDIUM": 0.07594212932084357
}